cluster_id,is_phap_ly,ratio
0,0,0.8293838862559242
0,1,0.17061611374407584
1,0,0.8100669925764983
1,1,0.18993300742350172
2,0,0.881511746680286
2,1,0.118488253319714
