cluster_id,is_do_xe,ratio
0,0,0.9778830963665087
0,1,0.022116903633491312
1,0,0.977548433822198
1,1,0.022451566177801918
2,0,0.9918283963227783
2,1,0.008171603677221655
