cluster_id,is_moi,ratio
0,0,0.8815165876777251
0,1,0.11848341232227488
1,0,0.9304725692558392
1,1,0.06952743074416078
2,0,0.9642492339121552
2,1,0.03575076608784474
