cluster_id,is_bao_duong,ratio
0,0,0.9289099526066351
0,1,0.07109004739336493
1,0,0.9509324642404491
1,1,0.049067535759550966
2,0,0.9795709908069459
2,1,0.020429009193054137
