cluster_id,is_do_ben,ratio
0,0,0.9636650868878357
0,1,0.036334913112164295
1,0,0.9317399963787797
1,1,0.06826000362122035
2,0,0.9376915219611849
2,1,0.06230847803881512
